{"cameraMode":{"drawMode":0,"name":"Shaded","section":"Shading Mode"},"sceneLighting":false,"audioPlay":false,"sceneViewState":{"showFog":true,"showMaterialUpdate":false,"showSkybox":true,"showFlares":true,"showImageEffects":true,"showParticleSystems":true},"in2DMode":false,"pivot":{"x":-1.4201087951660157,"y":-0.9400625228881836,"z":-0.06154012680053711},"rotation":{"x":-0.13152356445789338,"y":0.8682985901832581,"z":-0.328625351190567,"w":-0.3475136160850525},"size":9.378981590270996,"orthographic":false}