{"cameraMode":{"drawMode":0,"name":"Shaded","section":"Shading Mode"},"sceneLighting":false,"audioPlay":false,"sceneViewState":{"showFog":true,"showMaterialUpdate":false,"showSkybox":true,"showFlares":true,"showImageEffects":true,"showParticleSystems":true},"in2DMode":false,"pivot":{"x":421.8290710449219,"y":-250.78890991210938,"z":-555.2669677734375},"rotation":{"x":0.007971243932843209,"y":0.9919744729995728,"z":-0.08383158594369888,"w":0.09432290494441986},"size":15.370475769042969,"orthographic":true}